{
  "name": "stm",
  "type": "ARM",
  "dependenceList": [],
  "srcDirs": [],
  "virtualFolder": {
    "name": "<virtual_root>",
    "files": [],
    "folders": [
      {
        "name": "Source Group 1",
        "files": [
          {
            "path": "main.c"
          }
        ],
        "folders": []
      },
      {
        "name": "::CMSIS",
        "files": [],
        "folders": []
      },
      {
        "name": "::Device",
        "files": [
          {
            "path": "RTE/Device/STM32F103C8/RTE_Device.h"
          },
          {
            "path": "RTE/Device/STM32F103C8/startup_stm32f10x_md.s"
          },
          {
            "path": "RTE/Device/STM32F103C8/stm32f10x_conf.h"
          },
          {
            "path": "RTE/Device/STM32F103C8/system_stm32f10x.c"
          }
        ],
        "folders": []
      }
    ]
  },
  "outDir": "build",
  "deviceName": null,
  "packDir": null,
  "miscInfo": {},
  "targets": {
    "Target 1": {
      "excludeList": [],
      "toolchain": "AC6",
      "compileConfig": {
        "cpuType": "Cortex-M3",
        "archExtensions": "",
        "floatingPointHardware": "none",
        "scatterFilePath": "",
        "useCustomScatterFile": false,
        "storageLayout": {
          "RAM": [
            {
              "tag": "RAM",
              "id": 1,
              "mem": {
                "startAddr": "0x0",
                "size": "0x0"
              },
              "isChecked": false,
              "noInit": false
            },
            {
              "tag": "RAM",
              "id": 2,
              "mem": {
                "startAddr": "0x0",
                "size": "0x0"
              },
              "isChecked": false,
              "noInit": false
            },
            {
              "tag": "RAM",
              "id": 3,
              "mem": {
                "startAddr": "0x0",
                "size": "0x0"
              },
              "isChecked": false,
              "noInit": false
            },
            {
              "tag": "IRAM",
              "id": 1,
              "mem": {
                "startAddr": "0x20000000",
                "size": "0x5000"
              },
              "isChecked": true,
              "noInit": false
            },
            {
              "tag": "IRAM",
              "id": 2,
              "mem": {
                "startAddr": "0x0",
                "size": "0x0"
              },
              "isChecked": false,
              "noInit": false
            }
          ],
          "ROM": [
            {
              "tag": "ROM",
              "id": 1,
              "mem": {
                "startAddr": "0x0",
                "size": "0x0"
              },
              "isChecked": false,
              "isStartup": false
            },
            {
              "tag": "ROM",
              "id": 2,
              "mem": {
                "startAddr": "0x0",
                "size": "0x0"
              },
              "isChecked": false,
              "isStartup": false
            },
            {
              "tag": "ROM",
              "id": 3,
              "mem": {
                "startAddr": "0x0",
                "size": "0x0"
              },
              "isChecked": false,
              "isStartup": false
            },
            {
              "tag": "IROM",
              "id": 1,
              "mem": {
                "startAddr": "0x8000000",
                "size": "0x10000"
              },
              "isChecked": true,
              "isStartup": true
            },
            {
              "tag": "IROM",
              "id": 2,
              "mem": {
                "startAddr": "0x0",
                "size": "0x0"
              },
              "isChecked": false,
              "isStartup": false
            }
          ]
        },
        "options": "null"
      },
      "uploader": "JLink",
      "uploadConfig": {
        "bin": "",
        "baseAddr": "",
        "cpuInfo": {
          "vendor": "null",
          "cpuName": "null"
        },
        "proType": 1,
        "speed": 8000,
        "otherCmds": ""
      },
      "uploadConfigMap": {},
      "custom_dep": {
        "name": "default",
        "incList": [
          ".",
          ".cmsis/include",
          "RTE/Device/STM32F103C8",
          "RTE/_Target 1"
        ],
        "defineList": [
          "STM32F10X_MD",
          "USE_STDPERIPH_DRIVER"
        ],
        "libList": []
      },
      "builderOptions": {
        "AC6": {
          "version": 3,
          "beforeBuildTasks": [],
          "afterBuildTasks": [],
          "global": {
            "use-microLIB": false,
            "output-debug-info": "enable"
          },
          "c/cpp-compiler": {
            "optimization": "level-image-size",
            "language-c": "c99",
            "language-cpp": "c++11",
            "link-time-optimization": false,
            "one-elf-section-per-function": true,
            "short-enums#wchar": true,
            "warnings": "ac5-like-warnings"
          },
          "asm-compiler": {
            "$use": "asm"
          },
          "linker": {
            "output-format": "elf",
            "misc-controls": "--diag_suppress=L6329",
            "xo-base": "",
            "ro-base": "0x08000000",
            "rw-base": "0x20000000",
            "$disableOutputTask": true
          }
        }
      }
    }
  },
  "version": "3.6"
}